{
    "Ar36": {
        "error": 0.0010378848737424007, 
        "fit": "Parabolic", 
        "value": 0.00092861085413787996
    }, 
    "Ar37": {
        "error": 0.10951756058344138, 
        "fit": "linear", 
        "value": -0.0089367089375537792
    }, 
    "Ar38": {
        "error": 0.09556868540560122, 
        "fit": "linear", 
        "value": -0.11447063011302985
    }, 
    "Ar39": {
        "error": 0.057030617669163695, 
        "fit": "Parabolic", 
        "value": -0.052748580741660819
    }, 
    "Ar40": {
        "error": 0.10795439131011404, 
        "fit": "Parabolic", 
        "value": 0.028318894214462577
    }, 
    "Ar41": {
        "error": 0.0994219158388399, 
        "fit": "linear", 
        "value": 0.011491974592383757
    }
}