{
    "AX": {
        "error": 0.04049629895500332, 
        "fit": "average", 
        "value": -0.07735060597975961
    }, 
    "CDD": {
        "error": 0.00018089851361933324, 
        "fit": "average", 
        "value": 0.00021391364377147207
    }, 
    "H1": {
        "error": 0.09494072341808166, 
        "fit": "average", 
        "value": 0.012593690517883843
    }, 
    "H2": {
        "error": 0.09491696196531046, 
        "fit": "average", 
        "value": -0.004936232703090482
    }, 
    "L1": {
        "error": 0.08701914203667273, 
        "fit": "average", 
        "value": -0.08593313601171679
    }, 
    "L2": {
        "error": 0.10140681079499733, 
        "fit": "average", 
        "value": 0.03488365886018105
    }
}