{
    "AX": {
        "error": 0.05253028239490599, 
        "fit": "average", 
        "value": -0.08541808493439397
    }, 
    "CDD": {
        "error": 0.00016084385957862, 
        "fit": "average", 
        "value": 0.00020882046131494766
    }, 
    "H1": {
        "error": 0.08265106025846064, 
        "fit": "average", 
        "value": 0.009016771186227063
    }, 
    "H2": {
        "error": 0.10082121962872319, 
        "fit": "average", 
        "value": -0.00585160514380297
    }, 
    "L1": {
        "error": 0.1130672597163942, 
        "fit": "average", 
        "value": -0.09342203051765109
    }, 
    "L2": {
        "error": 0.118729583267685, 
        "fit": "average", 
        "value": 0.003357328014987472
    }
}