{
    "Ar36": {
        "error": 0.012010151116615809, 
        "fit": "parabolic", 
        "value": 0.9039074443002808
    }, 
    "Ar37": {
        "error": 0.15150918675121344, 
        "fit": "linear", 
        "value": 0.65341269469540753
    }, 
    "Ar38": {
        "error": 0.1267991532880986, 
        "fit": "linear", 
        "value": 0.24001871653349083
    }, 
    "Ar39": {
        "error": 0.060651569552639888, 
        "fit": "parabolic", 
        "value": 2.8546887299909285
    }, 
    "Ar40": {
        "error": 0.21523699094315643, 
        "fit": "parabolic", 
        "value": 271.49367718316819
    }, 
    "Ar41": {
        "error": 0.11224918690058913, 
        "fit": "average_SEM", 
        "value": -0.020615870930996608
    }
}