{
    "Ar36": {
        "error": 0.022351897482024416, 
        "fit": "parabolic", 
        "value": 3.3454793582728355
    }, 
    "Ar37": {
        "error": 0.13388973490204351, 
        "fit": "linear", 
        "value": 2.7584828735137505
    }, 
    "Ar38": {
        "error": 0.11656848121676772, 
        "fit": "linear", 
        "value": 1.1180274479588994
    }, 
    "Ar39": {
        "error": 0.061915190334601931, 
        "fit": "parabolic", 
        "value": 12.602034822163592
    }, 
    "Ar40": {
        "error": 0.35357891565968247, 
        "fit": "parabolic", 
        "value": 992.84704424152824
    }, 
    "Ar41": {
        "error": 0.12327750981272589, 
        "fit": "average_SEM", 
        "value": 0.0041040031379816358
    }
}