{
    "Ar36": {
        "error": 0.029726133079039225, 
        "fit": "parabolic", 
        "value": 6.5996763795738893
    }, 
    "Ar37": {
        "error": 0.14724724737758935, 
        "fit": "linear", 
        "value": 21.682404786635765
    }, 
    "Ar38": {
        "error": 0.11734598950555597, 
        "fit": "linear", 
        "value": 2.586206071454928
    }, 
    "Ar39": {
        "error": 0.081870849241581958, 
        "fit": "parabolic", 
        "value": 37.614234643103643
    }, 
    "Ar40": {
        "error": 0.52583279378712444, 
        "fit": "parabolic", 
        "value": 1971.545192165599
    }, 
    "Ar41": {
        "error": 0.11181394150776175, 
        "fit": "average_SEM", 
        "value": 0.036898043658748068
    }
}