{
    "AX": {
        "error": 0.059627438609077946, 
        "fit": "average_SEM", 
        "value": -0.01544476864534469
    }, 
    "CDD": {
        "error": 0.00013257779190135497, 
        "fit": "average_SEM", 
        "value": 8.582011429704531e-05
    }, 
    "H1": {
        "error": 0.1278058229440064, 
        "fit": "average_SEM", 
        "value": -0.001534915013568631
    }, 
    "H2": {
        "error": 0.10670697882290336, 
        "fit": "average_SEM", 
        "value": -0.011077693448169158
    }, 
    "L1": {
        "error": 0.11755958912761179, 
        "fit": "average_SEM", 
        "value": -0.07654151231399738
    }, 
    "L2": {
        "error": 0.13421916812599577, 
        "fit": "average_SEM", 
        "value": -0.030839346762513743
    }
}