{
    "AX": {
        "error": 0.04836643898999938, 
        "fit": "average_SEM", 
        "value": -0.023014560318066892
    }, 
    "CDD": {
        "error": 6.564762992658696e-05, 
        "fit": "average_SEM", 
        "value": 1.578886143155008e-05
    }, 
    "H1": {
        "error": 0.12405042760732124, 
        "fit": "average_SEM", 
        "value": 0.021201697269376988
    }, 
    "H2": {
        "error": 0.11552721183338628, 
        "fit": "average_SEM", 
        "value": -0.0008183264304534532
    }, 
    "L1": {
        "error": 0.11277871191990653, 
        "fit": "average_SEM", 
        "value": -0.03711738582399751
    }, 
    "L2": {
        "error": 0.13541432986729032, 
        "fit": "average_SEM", 
        "value": -0.019486154225402667
    }
}