{
    "AX": {
        "error": 0.05207661214282135, 
        "fit": "average", 
        "value": -0.06642798454470365
    }, 
    "CDD": {
        "error": 0.00032463217219711013, 
        "fit": "average", 
        "value": 0.0007512443912370752
    }, 
    "H1": {
        "error": 0.1042339731739719, 
        "fit": "average", 
        "value": 0.006468761857831851
    }, 
    "H2": {
        "error": 0.07973693911118622, 
        "fit": "average", 
        "value": -0.02152902349485579
    }, 
    "L1": {
        "error": 0.11382865116864753, 
        "fit": "average", 
        "value": -0.08421439881302353
    }, 
    "L2": {
        "error": 0.09313487293833835, 
        "fit": "average", 
        "value": -0.01351836915807881
    }
}