{
    "AX": {
        "error": 0.04789088781149369, 
        "fit": "average", 
        "value": -0.08799648092776213
    }, 
    "CDD": {
        "error": 0.00015620285387251925, 
        "fit": "average", 
        "value": 0.00017062159604392947
    }, 
    "H1": {
        "error": 0.09145804739822055, 
        "fit": "average", 
        "value": -0.014009912402484467
    }, 
    "H2": {
        "error": 0.10090605918540284, 
        "fit": "average", 
        "value": -0.0566877211502785
    }, 
    "L1": {
        "error": 0.09213583974732166, 
        "fit": "average", 
        "value": -0.09763346697588492
    }, 
    "L2": {
        "error": 0.1263363681272109, 
        "fit": "average", 
        "value": -0.014807901532253902
    }
}