{
    "AX": {
        "error": 0.05268156958536328, 
        "fit": "average", 
        "value": -0.0645970221011616
    }, 
    "CDD": {
        "error": 0.00020742270668507422, 
        "fit": "average", 
        "value": 0.00025211251001261794
    }, 
    "H1": {
        "error": 0.09424359635073846, 
        "fit": "average", 
        "value": -0.020152205667570876
    }, 
    "H2": {
        "error": 0.08700869728998924, 
        "fit": "average", 
        "value": -0.05545454453489843
    }, 
    "L1": {
        "error": 0.08829774884258133, 
        "fit": "average", 
        "value": -0.0988578047090733
    }, 
    "L2": {
        "error": 0.10591753795222135, 
        "fit": "average", 
        "value": -0.02977201776204021
    }
}