{
    "AX": {
        "error": 0.04950508114146841, 
        "fit": "average", 
        "value": -0.07584152156912176
    }, 
    "CDD": {
        "error": 9.219476312678952e-05, 
        "fit": "average", 
        "value": 6.493807013612241e-05
    }, 
    "H1": {
        "error": 0.09459760080749005, 
        "fit": "average", 
        "value": -0.03285798686543753
    }, 
    "H2": {
        "error": 0.10070159035154401, 
        "fit": "average", 
        "value": -0.022495455758484162
    }, 
    "L1": {
        "error": 0.09004316365096052, 
        "fit": "average", 
        "value": -0.12178659059775426
    }, 
    "L2": {
        "error": 0.12760527210618083, 
        "fit": "average", 
        "value": -0.006110869348049164
    }
}