{
    "Ar36": {
        "error": 0.022603660021937373, 
        "fit": "Parabolic", 
        "value": 3.722316182046892
    }, 
    "Ar37": {
        "error": 0.12377006897316666, 
        "fit": "linear", 
        "value": 0.0059978951065741823
    }, 
    "Ar38": {
        "error": 0.10075426666017701, 
        "fit": "linear", 
        "value": 0.63342695476208566
    }, 
    "Ar39": {
        "error": 0.046804817256980165, 
        "fit": "Parabolic", 
        "value": -0.051871007349577787
    }, 
    "Ar40": {
        "error": 0.32736247667154295, 
        "fit": "Parabolic", 
        "value": 1131.3850749418289
    }, 
    "Ar41": {
        "error": 0.10519187506350557, 
        "fit": "linear", 
        "value": 0.014424732197270732
    }
}