{
    "Ar36": {
        "error": 0.015454357335757993, 
        "fit": "Parabolic", 
        "value": 2.1719873423176743
    }, 
    "Ar37": {
        "error": 0.13755298439886759, 
        "fit": "linear", 
        "value": 61.609898124464451
    }, 
    "Ar38": {
        "error": 0.11368229631959455, 
        "fit": "linear", 
        "value": 1.200704974825096
    }, 
    "Ar39": {
        "error": 0.067601481171883082, 
        "fit": "Parabolic", 
        "value": 25.428643274656629
    }, 
    "Ar40": {
        "error": 0.2904544742767956, 
        "fit": "Parabolic", 
        "value": 664.50827789241509
    }, 
    "Ar41": {
        "error": 0.099627227286870138, 
        "fit": "linear", 
        "value": 0.010486589377545706
    }
}