{
    "Ar36": {
        "error": 0.025285412232572888, 
        "fit": "Parabolic", 
        "value": 5.8665634372847757
    }, 
    "Ar37": {
        "error": 0.30118886198641709, 
        "fit": "linear", 
        "value": 391.17413063068238
    }, 
    "Ar38": {
        "error": 0.10734930160451829, 
        "fit": "linear", 
        "value": 2.2676521369288718
    }, 
    "Ar39": {
        "error": 0.067344662834545169, 
        "fit": "Parabolic", 
        "value": 35.361644221278901
    }, 
    "Ar40": {
        "error": 0.39780659462843093, 
        "fit": "Parabolic", 
        "value": 1768.6029106388003
    }, 
    "Ar41": {
        "error": 0.10317960220605298, 
        "fit": "linear", 
        "value": 0.081489851673958169
    }
}