{
    "Ar36": {
        "error": 0.037945690208721704, 
        "fit": "Parabolic", 
        "value": 10.955466221792481
    }, 
    "Ar37": {
        "error": 0.1162240733084981, 
        "fit": "linear", 
        "value": 1.6899360172403413
    }, 
    "Ar38": {
        "error": 0.10198794041625862, 
        "fit": "linear", 
        "value": 2.3241583404012469
    }, 
    "Ar39": {
        "error": 0.057304799820163801, 
        "fit": "Parabolic", 
        "value": 7.0231818239315507
    }, 
    "Ar40": {
        "error": 0.63406550309496679, 
        "fit": "Parabolic", 
        "value": 3322.4491952553863
    }, 
    "Ar41": {
        "error": 0.10025289260600281, 
        "fit": "linear", 
        "value": 0.062635666385532904
    }
}