{
    "Ar36": {
        "error": 0.02781174069430687, 
        "fit": "Parabolic", 
        "value": 6.8817275105324134
    }, 
    "Ar37": {
        "error": 0.12238304059971503, 
        "fit": "linear", 
        "value": 18.961934359829193
    }, 
    "Ar38": {
        "error": 0.10301934364474792, 
        "fit": "linear", 
        "value": 2.4651175753585481
    }, 
    "Ar39": {
        "error": 0.068627815385358337, 
        "fit": "Parabolic", 
        "value": 40.920008137148464
    }, 
    "Ar40": {
        "error": 0.46166459781600294, 
        "fit": "Parabolic", 
        "value": 2082.3372810907613
    }, 
    "Ar41": {
        "error": 0.098600900289305807, 
        "fit": "linear", 
        "value": 0.046417286580983388
    }
}