{
    "Ar36": {
        "error": 0.024691948066108711, 
        "fit": "Parabolic", 
        "value": 5.5496417875327912
    }, 
    "Ar37": {
        "error": 0.13271301399531299, 
        "fit": "linear", 
        "value": 39.338320530140692
    }, 
    "Ar38": {
        "error": 0.10931055021212346, 
        "fit": "linear", 
        "value": 2.7900907851619179
    }, 
    "Ar39": {
        "error": 0.082024509003893173, 
        "fit": "Parabolic", 
        "value": 50.727041581134351
    }, 
    "Ar40": {
        "error": 0.47031641252528872, 
        "fit": "Parabolic", 
        "value": 1674.7771609142094
    }, 
    "Ar41": {
        "error": 0.10540670042564983, 
        "fit": "linear", 
        "value": 0.006770003634064996
    }
}